,z,a,b,wolfram,stan_grad_reg_inc_beta,stan_inc_beta,stan_inc_beta_strict,inbeder,stan_grad_reg_inc_beta_abserr,stan_inc_beta_abserr,stan_inc_beta_strict_abserr,inbeder_abserr,stan_grad_reg_inc_beta_relerr,stan_inc_beta_relerr,stan_inc_beta_strict_relerr,inbeder_relerr,stan_grad_reg_inc_beta_abserr_log,stan_inc_beta_abserr_log,stan_inc_beta_strict_abserr_log,inbeder_abserr_log,stan_grad_reg_inc_beta_relerr_log,stan_inc_beta_relerr_log,stan_inc_beta_strict_relerr_log,inbeder_relerr_log
0,0.001,1.5,1.25,-0.000286656365704264005402068793415537584223784506320953369140625,-0.00028665636570426368014141704776420738198794424533843994140625,-0.0002866563657042595601731616028473581536673009395599365234375,-0.00028665636570426368014141704776420738198794424533843994140625,-0.0002866563657042642764526119147916460860869847238063812255859375,3.252606517456513302022358403E-19,4.445228907190568179430556484E-18,3.252606517456513302022358403E-19,2.710505431213761085018632002E-19,1.1346709533087E-15,1.55071696952183E-14,1.1346709533087E-15,9.45559127757E-16,-42.569660086608444,-39.95470030857225,-42.569660086608444,-42.7519816434024,-34.41243369498817,-31.79747391695201,-34.41243369498817,-34.59475525178239
1,0.001,1.5,12.5,-0.005385775007874273045960222816574969328939914703369140625,-0.00538577500787427998485412672380334697663784027099609375,-0.005385775007639949200910489679472448187880218029022216796875,-0.00538577500787427998485412672380334697663784027099609375,-0.005385775007874287791109768619435271830298006534576416015625,6.938893903907228377647697926E-18,2.343238450497331371025211411E-13,6.938893903907228377647697926E-18,1.474514954580286030250135809E-17,1.288374262527E-15,4.35079157051937612E-11,1.288374262527E-15,2.737795307870E-15,-39.50938929191688,-29.082072283129573,-39.50938929191688,-38.755617489540505,-34.28539523294158,-23.858078224154145,-34.28539523294158,-33.531623430565155
2,0.001,1.5,125.0,-0.08655056037794579826272212130788830108940601348876953125,-0.08655056037795559598091443831435753963887691497802734375,-0.0865505216245416597597994723400915972888469696044921875,-0.08655056037795126611111840020384988747537136077880859375,-0.08655056037795573475879251645892509259283542633056640625,9.797718192317006469238549471E-15,3.875340413850292264896779670E-8,5.467848396278895961586385965E-15,9.936496070395151036791503429E-15,1.13202250216899E-13,4.477545144627138779301E-7,6.3175193463822E-14,1.14805681523087E-13,-32.256626873863695,-17.06604723626997,-32.839891202059,-32.24256194439629,-29.809600351098016,-14.619020713504295,-30.39286467929332,-29.795535421630614
3,0.001,1.5,1250.0,-0.367005502166720287693379987103980965912342071533203125,-0.36700550216655047908176356941112317144870758056640625,-0.36317708145790128515528749630902893841266632080078125,-0.36700550212101046287926919831079430878162384033203125,-0.36700550216655070112636849444243125617504119873046875,1.698086116164176928577944636E-13,0.003828420708819002538092490795,4.570982481411078879318665713E-11,1.695865670114926615497097373E-13,4.626868278919655E-13,0.0104315076646449256206714590,1.245480641141616992E-10,4.620818107910934E-13,-29.404104406086145,-5.565302908395058,-23.808707856142867,-29.405412878631353,-28.401725967326087,-4.562924469635,-22.80632941738281,-28.40303443987129
4,0.001,1.5,12500.0,-0.0000393756276793055803864262998104095458984375,-0.0000393756212460058934170421818254936852099490351974964141845703125,1.8226240337764829657629661596729420125484466552734375,-0.000039375628107728299237035030078146746745915152132511138916015625,-0.0000393756371992461684538623656326450372944236733019351959228515625,6.433299686969384117984915861E-12,1.822663409404162271343352586,4.284227188506087302677372008E-13,9.519940588067436065822235491E-12,1.633827843803616625415E-7,46289.12646799758516656930170,1.0880403541497634759E-8,2.41772414794311351856E-7,-25.769533538704252,0.6002988431057652,-28.478666025879065,-25.377632507893967,-15.627170018820449,10.74266236298957,-18.33630250599526,-15.235268988010162
5,0.001,15.0,1.25,-1.5114009059208569356151145654687032269650487001176192150353604749617006827836638259232464154154430234396134830228419776432247090269811451435089111328125E-44,-1.5114009059208706262487258599804589439059670163909485135901316615293935052402163632606812932590136281182243595927992829697217302964418195188045501708984375E-44,-1.5114009059208701284075036310891223723808427139810092663699581638360228571508871800847745704283383334026385095357099264123945658866432495415210723876953125E-44,-1.5114009059208708751693369744261272296685291675959181372002184103760788292848809548486346546743512754760172846213439612483853125013411045074462890625E-44,-1.511400905920866394598336914404098085942410445906464912218656931135742996480918306265474149198273623035744634107539752232440832813153974711894989013671875E-44,1.369063361129451175571694092E-58,1.319279238906562041914541579E-58,1.393955422240895742400270348E-58,9.458983222348935394858977362E-59,9.058240972109E-15,8.728850391305E-15,9.222936262511E-15,6.258421035275E-15,-133.2358085656367,-133.27284983731704,-133.21779006013404,-133.60555559114277,-32.33510144689482,-32.372142718575176,-32.31708294139214,-32.704848472400954
6,0.001,15.0,12.5,-7.325816883562409572917805360468325796261518871751374347229657555964188041535182369787725340738097738746414933075357112102210521697998046875E-38,-7.32581688356233126926418937817400527273220779318070593325856072836561493789771673310879017090337106399289268665597774088382720947265625E-38,-7.3258168835615336160460212385358602063802922728074970229396543778948169221774001141393705741869553371703460697972332127392292022705078125E-38,-7.32581688356233126926418937817400527273220779318070593325856072836561493789771673310879017090337106399289268665597774088382720947265625E-38,-7.325816883562361546676920891327809208496874743561364386660718168370396537970870112624645103239465378230921288604804431088268756866455078125E-38,7.830365361598229432052352931E-52,8.759568717841219324655898812E-51,7.830365361598229432052352931E-52,4.802624088446914051658776464E-52,1.06887265762374E-14,1.195712212995092E-13,1.06887265762374E-14,6.5557523000923E-15,-117.67641566501406,-115.26169307208316,-117.67641566501406,-118.16526238206129,-32.16958679986583,-29.754864206934936,-32.16958679986583,-32.65843351691304
7,0.001,15.0,125.0,-2.0476143566006128992787276935144299034167406968978934399102639351566111647340306944897747598588466644287109375E-25,-2.04761435660083009022714134272976943950350090088445915428852690289007743018601104267872869968414306640625E-25,-2.04761435622486222702979677696573196684811612024555486240008468908448992229498486494776443578302860260009765625E-25,-2.0476143566008305494046221326858272397912107533241770522047600169867655195421463076854706741869449615478515625E-25,-2.047614356600580297677591606634326082989341173677922687857712834291756820448426879011094570159912109375E-25,2.171909484136492153395360868E-38,3.757506722489309165486979366E-35,2.176501258944391713973363745E-38,3.260160113608688010382042740E-39,1.06070241065424E-13,1.835065626677577894E-10,1.06294491046534E-13,1.59217486588691E-14,-86.72262680654075,-79.26672262306256,-86.72051487333759,-88.61904231799136,-29.874674868694616,-22.418770685216444,-29.87256293549148,-31.771090380145235
8,0.001,15.0,1250.0,-1.844511688592094036999590404897627314573238521688836044631898403167724609375E-11,-1.844511688592156075545531881973242670225143768902853480540215969085693359375E-11,-1.8445072046641512876049155063396347599413704898552168742753565311431884765625E-11,-1.8445116885921399196741929556514678380241267774408697732724249362945556640625E-11,-1.84451168859216803089032268745135604605389634258472142391838133335113525390625E-11,6.203854594147707561535565191E-25,4.483927942749394674898557993E-17,4.588267460255075384052345089E-25,7.399389073228255372873148066E-25,3.3634130011304E-14,0.0000024309566431492516204025,2.4875241987527E-14,4.0115707148899E-14,-55.739456517247405,-37.64344714567762,-56.041124831673926,-55.56322988572095,-31.02323506934504,-12.927225697775244,-31.32490338377156,-30.847008437818584
9,0.001,15.0,12500.0,-0.08973647451573120437107178304358967579901218414306640625,-0.08973647555683329779530055247960262931883335113525390625,-0.08799539914275415763977861161038163118064403533935546875,-0.08973647551458698023996163328774855472147464752197265625,-0.08973647555683157694961238348696497268974781036376953125,1.041102093424228769436012954E-9,0.001741075372977046731293171433,9.988557758688898502441588789E-10,1.041100372578540600443375297E-9,1.1601771732649458245E-8,0.0194020924308969643111654264,1.1130989725853181094E-8,1.1601752555991388540E-8,-20.68298597966874,-6.353252326211286,-20.72441071620174,-20.682987632577824,-18.272108014923752,-3.942374361466301,-18.313532751456755,-18.27210966783284
10,0.001,150.0,1.25,0,0,-0,-0,-0,0,0,0,0,,,,,-inf,-inf,-inf,-inf,,,,
11,0.001,150.0,12.5,0,0,-0,-0,-0,0,0,0,0,,,,,-inf,-inf,-inf,-inf,,,,
12,0.001,150.0,125.0,0,0,-0,-0,-0,0,0,0,0,,,,,-inf,-inf,-inf,-inf,,,,
13,0.001,150.0,1250.0,-4.429841562103048236645076040774015862155015739539945576937786812310770454732913199744487083191425715166441487061989318786383636484756892710523996075477137600750415959237741346696357012706200357323203417793904689805701718514050649151884883935036328046989378692691854692358502206438592355519164161076695701493082714188793529420878655873227738729236205802616495432299793430635225718682043314060562209490809986670650824492435240845349327407388342154860368417974527502739363424441346197272025279870389057064560593479844000560339646094504181322984171039729929075535436174742454451080768407233989591986755840480327606201171875E-245,0,-4.4362162130946358837342912701623863071086585700974582186559459658932553502537318594127920879701311540724481921459636908888789653745114062142496693811616772143274144580024288250217568046470227989721748323187122361987319227280355015955426036281443107554431078859206764120163717545126471067690849320198956504211565876941739166645063900700195996111237607749275581359647200346621364684559914723581949209655904396494126413410671666676369296462570204266783342277446598451760356122437836847328815459183930723759048705921668364980951466678869323895541962735719622463878252709048250203532730295830077693608473055064678192138671875E-245,-4.4362162132527391444650408795764853631406432588647432607368804911252050975842233750113090374082435342842413353428178764921340826703423295126818311929877809328464670488026787135558781636434468109003290826574516455306266629142026998596426999818237353938946382773557540235190624790557588272746881495135999910722485052926735696001668943882529220714619789878157743971709008441922572631253584568008409821228922230812966333179158294388472093419867073204412816243711254506031275192289559127411812227898384312433833288171062333358048385105201228304613944393565394807066819025955632614373162769805247762633371166884899139404296875E-245,-4.4362162132519164013459310920249248904520075246457683313764280571525265981380385390771606810750368529688111723326404913887233388167110566591192959809594785707421986645525560589464920781642807556323661260295422072451980280615329005844603122987129349818347378867795667135575218818837359701993679468309329295274559129369119090589533087287746829299410285330899379021672979863040035184001260357414804684556743747286645495224050574679492661776644478530810030096328290213346867307870774197203638337929961984120560004627743055024932964471652707760463728190524648984473814227770236922449541283608454023124068044126033782958984375E-245,4.429841562103048236645076041E-245,6.374650991587647089215229388E-248,6.374651149690907819964838802E-248,6.374651148868164700855051251E-248,1,0.001439024602171394350530631,0.001439024637861894454035634,0.001439024637676167017156561,-562.644983964886,-569.1887737193952,-569.1887736945932,-569.1887736947223,0.0,-6.543789754509089,-6.54378972970722,-6.543789729836285
14,0.001,150.0,12500.0,-1.464019924648137903066507677688019856234858886703497327050532370269181743641302101247827004899406303883907223111898213211160138622757657422922624984945175489281832892268934590341859466957953166787870205060724241189183511897761869144230010213117911953457916940379845982533879578113555908203125E-103,NaN,-1.468325180229735834043075643190374708449419438573944371830059574204186398108114555088355534537708909413439558203447242025252984194213399564629400027934377189621063453848090745125731487530342597760805431479559150190322508586061406625502372457163022668839846840427298957365565001964569091796875E-103,-1.468325905447348479418660047171016343334565588610961398265750576587019629232876279018078723344708343779608811059605590735693221545142254000209037316323310669807529946170809533465168989349485871238220826974507432777819518450518746347337236247501362335597663300035264910547994077205657958984375E-103,-1.468325904782896965814114354146536648425050043890187890855910210249014087087091072354835530428474489189742948983548444236252721234543565262476110217764227431669618185907623430297158899605724022773140862987910608548725954686659522778282584531965823432426987427135145480860956013202667236328125E-103,NaN,4.305255581597930976567965502E-106,4.305980799210576352152369483E-106,4.305980134759062747606676459E-106,NaN,0.002940708325832829614368318,0.002941203686312858377748465,0.002941203232458711710830824,,-242.61418335270366,-242.6140149175145,-242.6140150718235,,-5.829104799495809,-5.828936364306647,-5.828936518615641
15,0.001,1500.0,1.25,0,0,-0,-0,-0,0,0,0,0,,,,,-inf,-inf,-inf,-inf,,,,
16,0.001,1500.0,12.5,0,0,-0,-0,-0,0,0,0,0,,,,,-inf,-inf,-inf,-inf,,,,
17,0.001,1500.0,125.0,0,0,-0,-0,-0,0,0,0,0,,,,,-inf,-inf,-inf,-inf,,,,
18,0.001,1500.0,1250.0,0,NaN,-0,-0,-0,NaN,0,0,0,,,,,,-inf,-inf,-inf,,,,
19,0.001,1500.0,12500.0,0,NaN,-0,-0,-0,NaN,0,0,0,,,,,,-inf,-inf,-inf,,,,
20,0.001,15000.0,1.25,0,0,-0,-0,-0,0,0,0,0,,,,,-inf,-inf,-inf,-inf,,,,
21,0.001,15000.0,12.5,0,0,-0,-0,-0,0,0,0,0,,,,,-inf,-inf,-inf,-inf,,,,
22,0.001,15000.0,125.0,0,0,-0,-0,-0,0,0,0,0,,,,,-inf,-inf,-inf,-inf,,,,
23,0.001,15000.0,1250.0,0,NaN,-0,-0,-0,NaN,0,0,0,,,,,,-inf,-inf,-inf,,,,
24,0.001,15000.0,12500.0,0,NaN,-0,-0,-0,NaN,0,0,0,,,,,,-inf,-inf,-inf,,,,
25,0.25,1.5,1.25,-0.2052964341288990024469995887557161040604114532470703125,-0.2052964341288989469358483574978890828788280487060546875,-0.2052964341274663706560232867559534497559070587158203125,-0.2052964341288989469358483574978890828788280487060546875,-0.2052964341288987526468190480954945087432861328125,5.551115123125782702118158340E-17,1.432631790976301999762654305E-12,5.551115123125782702118158340E-17,2.498001805406602215953171253E-16,2.703951067967E-16,6.9783569162082901E-12,2.703951067967E-16,1.2167779805850E-15,-37.42994775023705,-27.271507949872056,-37.42994775023705,-35.92587035346077,-35.8466474260538,-25.688207625688946,-35.8466474260538,-34.34257002927765
26,0.25,1.5,12.5,-0.0857206530515209064180481846051407046616077423095703125,-0.08572065305151986558396259852088405750691890716552734375,-0.08572065014529524351605260790165630169212818145751953125,-0.08572065305152133662947022685330011881887912750244140625,-0.085720653051519268839086862499243579804897308349609375,1.040834085586084256647154689E-15,2.906225662901995576703484403E-9,4.302114220422481594141572714E-16,1.637578961322105897124856710E-15,1.21421623440095E-14,3.39034475292116501878E-8,5.018760435524E-15,1.91036687545750E-14,-34.49875399782063,-19.65641062068317,-35.38225490687179,-34.04555748689127,-32.04209250784137,-17.199749130703907,-32.92559341689252,-31.588895996912008
27,0.25,1.5,125.0,-0.00000315985033960686181157026357346762068800671841017901897430419921875,1.166107756686153364823758228010391914861144067872000817942534922622144222259521484375E-14,-1.77635683940024770366464239540399355895002151024819614377747711841948330402374267578125E-15,-1.77635683940024770366464239540399355895002151024819614377747711841948330402374267578125E-15,-5.3100915167416999536317979659816191001359933672454349817826368962414562702178955078125E-15,0.000003159850351267939378431797222,0.000003159850337830504972170015870,0.000003159850337830504972170015870,0.000003159850334296770294828563620,1.000000003690389199987353380,0.9999999994378351350585622418,0.9999999994378351350585622418,0.9999999983195117027591996403,-12.664985888680532,-12.664985892933085,-12.664985892933085,-12.664985894051409,3.6903890986057067e-09,-5.62164870368339e-10,-5.62164870368339e-10,-1.6804883054797714e-09
28,0.25,1.5,1250.0,5.70891420199249211009373539127409458160400390625,6.43452242944681767437355382078587712722794744735210770159028470516204833984375E-12,-7.653235126339731241925129559807322308138178447235777613588101618104362898098780613603929357171390238179698418860213931387072140779295759413103151862500113776972217161535709526691270766107996116223517834595457481015052978069888746167818955769570320219775426328427680612559681820654712144328599873170029341475104683917144704928543059292133439005523965846471676697157222706013879331976568209938704967498779296875E-155,-7.6532351263463009284267572005142319379259895714893873788609359855708941478623265560152924802894483110909542251514081386741076081511044292455931557163431215111154487189403072605899095235239011534443257836538315052091079319877703576259756222100580490842426922129509964534956983158219039523049968534910812067526161071194896971320070221720490153950972075087092123752278744093502371725890043308027088642120361328125E-155,-7.653235126345891875599456462612894232214472216387133380367769842701160540932254499606014262137151778696429348883718456496165142700931315696658184465549266479521453711458851339169953946745043441270506886901268262462465236344282392405364405519662165789681710444996053420293985163740659592191518140574696076749201607111680467720800670059283916487049667632083885601221458737375424874471718794666230678558349609375E-155,5.708914201986057587664288574,5.708914201992492110093735391,5.708914201992492110093735391,5.708914201992492110093735391,0.9999999999988728990834717611,1.000000000000000000000000000,1.000000000000000000000000000,1.000000000000000000000000000,1.7420288483153399,1.7420288483164672,1.7420288483164672,1.7420288483164672,-1.127098414600094e-12,0.0,0.0,0.0
29,0.25,1.5,12500.0,8.0107795852587191376414921251125633716583251953125,7.34411291859205217491535222507081925868988037109375,-0,-0,-0,0.6666666666666669627261399000,8.010779585258719137641492125,8.010779585258719137641492125,8.010779585258719137641492125,0.0832211970846700117243210126,1,1,1,-0.40546510810816394,2.080788082843567,2.080788082843567,2.080788082843567,-2.4862531909517314,0.0,0.0,0.0
30,0.25,15.0,1.25,-2.619124005342084164837793665097341599956592972375801764428615570068359375E-9,-2.619124005342087473560243877208041085591361252227216027677059173583984375E-9,-2.619124005341008830041474729120008768656902020666166208684444427490234375E-9,-2.619124005342088300740856430235715957000053322190069593489170074462890625E-9,-2.619124005342083337657181112069666728547900902412948198616504669189453125E-9,3.308722450212110699485634768E-24,1.075334796318935977332831300E-21,4.135903062765138374357043460E-24,8.271806125530276748714086921E-25,1.263293545271E-15,4.105704022129668E-13,1.579116931588E-15,3.158233863177E-16,-54.06548008367574,-48.281654901345995,-53.84233653236152,-55.451774444795625,-34.30505415948887,-28.521228977159392,-34.08191060817513,-35.69134852060891
31,0.25,15.0,12.5,-0.0004379326087441639983426078241990353490109555423259735107421875,-0.000437932608744161125206850737612285229261033236980438232421875,-0.0004379326087171715926361914572595424033352173864841461181640625,-0.000437932608744161558887719731814058832242153584957122802734375,-0.0004379326087441631309808698357954881430487148463726043701171875,2.873135757086586750119749922E-18,2.699240570641636693949294568E-14,2.439454888092384976516768802E-18,8.673617379884035472059622407E-19,6.5606801131474E-15,6.16359804395956039E-11,5.5703887753138E-15,1.9805826756671E-15,-40.39112764228438,-31.243220838602944,-40.55475706606618,-41.58883083359672,-32.657682121543985,-23.50977531786256,-32.82131154532579,-33.85538531285635
32,0.25,15.0,125.0,1699.218080376361967864795587956905364990234375,-0.00000707075375815073236770470777035058063120231963694095611572265625,-0.000007070753117442127693424193390914211931885802187025547027587890625,-0.00000707075375959013950068719756014701260937727056443691253662109375,-0.0000070707537591308316498738169297855193917712313123047351837158203125,1699.218087447115726015527956,1699.218087447115085306923281,1699.218087447115727454935089,1699.218087447115726995627238,1.000000004161180863014723896,1.000000004161180485953879220,1.000000004161180863861823600,1.000000004161180863591518183,7.437923475675002,7.437923475675002,7.437923475675002,7.437923475675002,4.1611809467066166e-09,4.161180502617408e-09,4.1611809467066166e-09,4.1611809467066166e-09
33,0.25,15.0,1250.0,-608319667065138725399057527483467052121397874592082872323279849913942058032739909767823311492975932117443589208789109136424960,-4.81574154006923137854167983254241049671795504849569624639116227626800537109375E-12,-2.2612930928959658846739947422102443318663414582236212221869739000854106599332452964742471307873314631487967832427659588545161342592064926455548127185594280262593253343747233603454611831994884031666053571569565639330233016484827289324691737355901010987692570430759554080018473955453669724592181369641350927658150654652770283892238012413145042955875396728515625E-132,-2.261293092899680061641043016784580654563109487197660219049828580096204529034802726283576078601147184206326379638807572032160268619939685746226640713549268946370931862180530524868468925671110263369721317687406974880342529554639272822433074932341645561591579451644630209631957524213271358100541229711123838981968084513481109798505030994419939815998077392578125E-132,-2.2612930919518904833010431932049011503679129982982156335054769662679427938630048933146233668339214616263126676509869370751951708137435100690106905570289864257390594325731710820959859040263503030012511035626472657697281564001022444353515544418907385734966930597030465821022350745977286655294043615954967344540350705577556877923228739746264182031154632568359375E-132,6.083196670651387253990575275E+125,6.083196670651387253990575275E+125,6.083196670651387253990575275E+125,6.083196670651387253990575275E+125,1.000000000000000000000000000,1.000000000000000000000000000,1.000000000000000000000000000,1.000000000000000000000000000,289.62866695026537,289.62866695026537,289.62866695026537,289.62866695026537,0.0,0.0,0.0,0.0
34,0.25,15.0,12500.0,5.37400222849560282867287241970188915729522705078125,5.30733556182893639885378433973528444766998291015625,-0,-0,-0,0.06666666666666642981908807997,5.374002228495602828672872420,5.374002228495602828672872420,5.374002228495602828672872420,0.0124054036139335736608097898,1,1,1,-2.7080502011022136,1.6815729248741966,1.6815729248741966,1.6815729248741966,-4.38962312597641,0.0,0.0,0.0
35,0.25,150.0,1.25,-2.43443576263143699547080459244444199848105025902927198413184484043265056467052193706945768480104676111999730679565676014566175869015802012087866807714652644328163437797029173383702463239053577652120864152980915585378052755360922532190670608542859554290771484375E-90,-2.446220097145425645127960670229436004042504555584997519832543908664959569203196526178255189201877981684636551918801731164062222104756822042941828177773709541737147537359514604224523711581755468411874871976796209018943824287095623049026471562683582305908203125E-90,-2.446220097145408204524455996844087252462482806607955101772320172113122180198020323287692647420327758173560804664931351783960394498124860669935201531064250221023441939806384026923233182937025725128187998319170390725397871978241681745203095488250255584716796875E-90,-2.44622009714542608114304828706406972283200509930942358028404950207875550392832593125051925274641673727241344560014849064856476779492262107726699384394144602475499017729834286865705597479787371199396704381823685447628247309481697158162205596454441547393798828125E-90,-2.4462200971454108206149816978518895651994860689545114644813537325958977885487967537212770286875602917002221667530119086909756686391196548758861955280706691191304977794393536135184267622337351866207410293678142634694297648245697729407766018994152545928955078125E-90,1.178433451398864965715607778E-92,1.178433451397120905365140440E-92,1.178433451398908567224369462E-92,1.178433451397382514417710541E-92,0.004840684110411972590162056,0.004840684110404808464588324,0.004840684110412151693301399,0.004840684110405883083424384,-211.6736425825547,-211.67364258255617,-211.67364258255466,-211.67364258255594,-5.330699223115437,-5.330699223116917,-5.3306992231154,-5.330699223116695
36,0.25,150.0,12.5,-2.970809827914279530433348618958134836011611924100689260319339636175367111135673663547671173016916376057495749612938944491677570648250410202272403914259478291607283874288636264048878220071780997812993518891744315624237060546875E-75,-2.986365220436129099198646208483329238444566777398055063311997587626708281193646420474282988793735540298339118535303894836217257005929682369241239301209843633666517621075579944457935809530579884807366397581063210964202880859375E-75,-2.98636522043525282601509056429360164315060172719578398734301643587933586967622852218631516251335741282603845478182241756869288096561508189576927848888569249227041417109935276513252972417633568369410568266175687313079833984375E-75,-2.986365220436129590107992738255984548021762276025619360833548837571664792348558139184808460965321186308127522268499122554574413519117533686033100343681733914418000031971925169768482255516772738701547496020793914794921875E-75,-2.986365220018554245400223641287173232295501691793118768995525658443972245962035466849771755469454924135297606676678244463529791721781849460360597074258682211455573026381752413992783264096164685952317086048424243927001953125E-75,1.555539252184956876529758953E-77,1.555539252097329558174194534E-77,1.555539252185005967464411930E-77,1.555539210427471496687502233E-77,0.005236078181675655829195178,0.005236078181380694780082570,0.005236078181675821073480395,0.005236078041116388159211096,-176.85722988905565,-176.85722988911198,-176.85722988905562,-176.85722991590004,-5.252182499480707,-5.25218249953704,-5.252182499480676,-5.252182526325086
37,0.25,150.0,125.0,-9.7341010329203003031932926916586721634718986661031180085412728431037976406514644622802734375E-18,-7.29990376066038184477040470412841203637430867349076327568505067176925747707283420595558709464967250823974609375E-26,-7.2999037603407472524488143174034872608267507547627290410237451819485364479245248503502807579934597015380859375E-26,-7.299903760660396768038530377700290545724878877781594957962626879911620381147230318674701265990734100341796875E-26,-7.29988893293286690112091293412735034056350296550766722326549941417630530671178945567589835263788700103759765625E-26,9.734100959921262696589474244E-18,9.734100959921262699785820167E-18,9.734100959921262696589325011E-18,9.734100959921410973864623680E-18,0.9999999925006903709213317807,0.9999999925006903712496975859,0.9999999925006903709213164498,0.9999999925007056036864991002,-39.1708963906511,-39.1708963906511,-39.1708963906511,-39.17089639065109,-7.499309645862079e-09,-7.499309645862079e-09,-7.499309645862079e-09,-7.499294435806527e-09
38,0.25,150.0,1250.0,-900794250134349946538057074019311945242446958887162652852939713137758115168860733952946254356858966066015627853209631039718341515414396721496556916930533011644640435151670757536285145121460790406498399978979919396864,5.642400063506610047359206260615620384842039403139324349467642605304718017578125E-13,-6.87593137962929281757809070691326360166004120145268385036029550965535906365993860795125639496751342299714175598790433241447317413985729217529296875E-42,-6.87593137972030042333020762867172623481507861314360352562205112747613029647481790432825196069281275241635680017804332919695298187434673309326171875E-42,-6.87590644058769699795061952718390585430234342645121997167837044866538863111742507194601282153189979914052233633814381619231426157057285308837890625E-42,9.007942501343499465380570740E+215,9.007942501343499465380570740E+215,9.007942501343499465380570740E+215,9.007942501343499465380570740E+215,1.000000000000000000000000000,1.000000000000000000000000000,1.000000000000000000000000000,1.000000000000000000000000000,497.253901682031,497.253901682031,497.253901682031,497.253901682031,0.0,0.0,0.0,0.0
39,0.25,150.0,12500.0,3.051780349747634790702477403101511299610137939453125,NaN,-0,-0,-0,NaN,3.051780349747634790702477403,3.051780349747634790702477403,3.051780349747634790702477403,NaN,1,1,1,,1.1157251415490848,1.1157251415490848,1.1157251415490848,,0.0,0.0,0.0
40,0.25,1500.0,1.25,0,0,-0,-0,-0,0,0,0,0,,,,,-inf,-inf,-inf,-inf,,,,
41,0.25,1500.0,12.5,0,0,-0,-0,-0,0,0,0,0,,,,,-inf,-inf,-inf,-inf,,,,
42,0.25,1500.0,125.0,0,0,-0,-0,-0,0,0,0,0,,,,,-inf,-inf,-inf,-inf,,,,
43,0.25,1500.0,1250.0,-4.23386169260738100902899042165778206931412807278696799045648576223358155716904666713336611957506492322674596411083720532690917350081390876819544132170137797425383656870575921718271005071695074937342653201466662370040630653804830756001312523409390652869454252657060990441512603782411760606536676380741036845139849373446092732843550802401128320086360184372782420244258254258577441423260592786521205878649810295524269949911235566322691586125324267337359513433353687251415997804276092668912548508408071860322931241450814359826433707536485473040772961646181270657296664451652024041550248512066900730133056640625E-239,NaN,-4.23886588005920080123455000826252729091713405326385753075583170134204196607921384485798834286454794289609121477682708504682194516635977775672630223265706809917072711674186251346234339415935234899892745018440665039638351190035761287774236577916360673437682625671831589432927440393449228291003187440400505205239818887315144646304902967555238789390445738927317453342510959644407315834301486570135137602061029852175044253897962846674478647696027342675778173944692836139498005643760700568478282484564780236064741514622971068573371458878938211766442817404300221656679339803097672501053239102475345134735107421875E-239,-4.23886588007204936384181596945380792183857732967525509452468477112585036262682354152305372105905409911936403199838116536281832060565590678443779575018271877652070808776188036554565580170548212110449697978031012335015240484194256739120917686323738373057140379752123836098348648952305321724260928706781279143993456764559572952662356473132498787916963936020996508404920119857652552559239040875819073412856062968483955848964739198938853850363188837914448152160677230531312492958732675432232291725097865370622931785605709625533718472077615621469666753089851717681082218618093815365455157007090747356414794921875E-239,-4.2388657720248335270777427756357682316931392054858723494506371345041051672371743891410349573445611734955845134425322593439599062382473643983678043741599114521785022084558614209513849669520884858034193810287460775593031753588177912171197917536688006477856781563977208590252783356414531500280810290310099778198539346626860779092886892643468928526686373168661344196733068368524064810032435490774405162709504566945624636497549168950543599803625267111524007753498725194687908876487276372752960655400888939882762532960478003792266650725249314490869490632788772063328764337641896275954422890208661556243896484375E-239,NaN,5.004187451819792205559586605E-242,5.004187464668354812825547796E-242,5.004079417452518048752353978E-242,NaN,0.001181944006474621954252365,0.001181944009509336722970590,0.001181918489730071041694785,,-555.6153174522603,-555.6153174496928,-555.6153390412865,,-6.7405947329691935,-6.740594730401631,-6.740616321995284
44,0.25,1500.0,12500.0,0.84759551604668803559405887426692061126232147216796875,NaN,-0,-0,-0,NaN,0.8475955160466880355940588743,0.8475955160466880355940588743,0.8475955160466880355940588743,NaN,1,1,1,,-0.1653517427781446,-0.1653517427781446,-0.1653517427781446,,0.0,0.0,0.0
45,0.25,15000.0,1.25,0,0,-0,-0,-0,0,0,0,0,,,,,-inf,-inf,-inf,-inf,,,,
46,0.25,15000.0,12.5,0,0,-0,-0,-0,0,0,0,0,,,,,-inf,-inf,-inf,-inf,,,,
47,0.25,15000.0,125.0,0,0,-0,-0,-0,0,0,0,0,,,,,-inf,-inf,-inf,-inf,,,,
48,0.25,15000.0,1250.0,0,NaN,-0,-0,-0,NaN,0,0,0,,,,,,-inf,-inf,-inf,,,,
49,0.25,15000.0,12500.0,0,NaN,-0,-0,-0,NaN,0,0,0,,,,,,-inf,-inf,-inf,,,,
50,0.5,1.5,1.25,-0.260386939476358325595839460220304317772388458251953125,-0.260386939476358214573536997704650275409221649169921875,-0.2603869394725302210957806892110966145992279052734375,-0.260386939476358325595839460220304317772388458251953125,-0.26038693947635771497317591638420708477497100830078125,1.110223024625156540423631668E-16,3.828104500058771009207703173E-12,0E-54,6.106226635438360972329974174E-16,4.263743131118E-16,1.47015995032513581E-11,0,2.3450587221149E-15,-36.7368005696771,-26.28865134384452,-inf,-35.032052477438675,-35.39121404415079,-24.94306481831822,-inf,-33.68646595191237
51,0.5,1.5,12.5,-0.00101012340508921404959308265603112886310555040836334228515625,-0.001010123405086081789516772033721281331963837146759033203125,-0.0010101233654271055996398676057879129075445234775543212890625,-0.0010101234050911927185578687016231924644671380519866943359375,-0.001010123405090649316429018966800867929123342037200927734375,3.132260076310622309847531142E-15,3.966210844995321505024321596E-11,1.978668964786045592063601362E-15,1.435266835936310769739066018E-15,3.1008687260681592E-12,3.92646168281292913684E-8,1.958838845647072E-12,1.420882665132928E-12,-33.397021581816276,-23.950624831114524,-33.856352016265916,-34.17742561459769,-26.499338809480186,-17.052942058778438,-26.95866924392983,-27.279742842261598
52,0.5,1.5,125.0,-16015.43143246379986521787941455841064453125,6.8594573922714903813162248706493642050655533404235342231913818977773189544677734375E-15,2.66453525910037530258626339291206604413571735860688516339678244548849761486053466796875E-15,2.66453525910037530258626339291206604413571735860688516339678244548849761486053466796875E-15,-8.6892229269988640617641073370598420529009108778536747831525547506957053163832992902740161365697513229378046162310056388378143310546875E-37,16015.43143246379987207733681,16015.43143246379986788241467,16015.43143246379986788241467,16015.43143246379986521787941,1.000000000000000000428303004,1.000000000000000000166372993,1.000000000000000000166372993,1.000000000000000000000000000,9.681308000953821,9.681308000953821,9.681308000953821,9.681308000953821,0.0,0.0,0.0,0.0
53,0.5,1.5,1250.0,6.40206138255243839552122153691016137599945068359375,5.73539471588577054461666193674318492412567138671875,-0,-0,-0,0.6666666666666678509045596002,6.402061382552438395521221537,6.402061382552438395521221537,6.402061382552438395521221537,0.1041331263213965719641640568,1,1,1,-0.4054651081081626,1.8566200295292663,1.8566200295292663,1.8566200295292663,-2.262085137637429,0.0,0.0,0.0
54,0.5,1.5,12500.0,8.7039267658186698639610767713747918605804443359375,8.037260099151996683985998970456421375274658203125,-0,-0,-0,0.6666666666666731799750778009,8.703926765818669863961076771,8.703926765818669863961076771,8.703926765818669863961076771,0.0765937817037650774773484705,1,1,1,-0.4054651081081546,2.1637742762246366,2.1637742762246366,2.1637742762246366,-2.5692393843327914,0.0,0.0,0.0
55,0.5,15.0,1.25,-0.00003874039705811091667021772710910454406985081732273101806640625,-0.000038740397058110957327799195315520819349330849945545196533203125,-0.00003874039705806630175081994860164513738709501922130584716796875,-0.000038740397058110984432853507453131669535650871694087982177734375,-0.000038740397058110604962093137526579766927170567214488983154296875,4.065758146820641627527948003E-20,4.461491939777850745940668276E-17,6.776263578034402712546580005E-20,3.117081245895825247771426803E-19,1.049487990720E-15,1.1516381551499268E-12,1.749146651200E-15,8.0460745955189E-15,-44.64910162828828,-37.64846335515943,-44.13827600452229,-42.61221970102724,-34.49047397755611,-27.489835704427392,-33.97964835379012,-32.45359205029521
56,0.5,15.0,12.5,-0.06561345340839490336559691741058486513793468475341796875,-0.06561345340840585294017728301696479320526123046875,-0.06561345338978281926944902124887448735535144805908203125,-0.0656134534084059362069041299037053249776363372802734375,-0.06561345340840611661814563149164314381778240203857421875,1.094957458036560637992806733E-14,1.861208409614789616171037778E-11,1.103284130721249312045983970E-14,1.121325254871408105827867985E-14,1.66880022488874E-13,2.836626199249341124E-10,1.68149072089550E-13,1.70898679557681E-13,-32.145475790511064,-24.707210063573164,-32.13789999670261,-32.12168005283584,-29.421501268897483,-21.983235541959587,-29.413925475089023,-29.39770553122226
57,0.5,15.0,125.0,-469235826374675712,-5.0135998509605901710386948219111718342308296747500406809194828383624553680419921875E-14,-4.1078251911130784107065319509242297445214347172137703267935648909769952297210693359375E-15,-4.1078251911130784107065319509242297445214347172137703267935648909769952297210693359375E-15,-1.491927052816410393654704042097711352526624517427271977027471877054465299039520687074400484561920166015625E-23,469235826374675712.0000000000,469235826374675712.0000000000,469235826374675712.0000000000,469235826374675712.0000000000,1.000000000000000000000000000,1.000000000000000000000000000,1.000000000000000000000000000,1.000000000000000000000000000,40.68988186507227,40.68988186507227,40.68988186507227,40.68988186507227,0.0,0.0,0.0,0.0
58,0.5,15.0,1250.0,3.7749382499478798536074464209377765655517578125,3.708271583281212091520728790783323347568511962890625,-0,-0,-0,0.06666666666666776208671763015,3.774938249947879853607446421,3.774938249947879853607446421,3.774938249947879853607446421,0.0176603330312987824978726929,1,1,1,-2.7080502011021936,1.3283840249374999,1.3283840249374999,1.3283840249374999,-4.0364342260396935,0.0,0.0,0.0
59,0.5,15.0,12500.0,6.06714940905554822592193886521272361278533935546875,6.00048274238888179610285078524611890316009521484375,-0,-0,-0,0.06666666666666642981908807997,6.067149409055548225921938865,6.067149409055548225921938865,6.067149409055548225921938865,0.0109881366308802002873265346,1,1,1,-2.7080502011022136,1.8028888751701273,1.8028888751701273,1.8028888751701273,-4.510939076272341,0.0,0.0,0.0
60,0.5,150.0,1.25,-1.5620264236709329822361461550904748097434426713450124663235810041118869262643637460565192192329864966119117023119790277352336715921410359442234039306640625E-45,-1.577257332486255573932260795433821402964835489159926535504663901708989832503804478856320913199482315201041471164756894995928604430446284823119640350341796875E-45,-1.577257332486213568579135232727298180532472473321302551302525033830841399966654648389191174361254323573485372597842435471449107353691942989826202392578125E-45,-1.577257332486255573932260795433821402964835489159926535504663901708989832503804478856320913199482315201041471164756894995928604430446284823119640350341796875E-45,-1.5772573324745416811239788753413787739932024722956514743348716127559969456439550892560744091789697166632307841378779489360795196262188255786895751953125E-45,1.523090881532259169611464034E-47,1.523090881528058634298907764E-47,1.523090881532259169611464034E-47,1.523090880360869888783272025E-47,0.009750736981470703747587132,0.009750736981443812171049749,0.009750736981470703747587132,0.009750736973971539437195385,-107.80075762588079,-107.80075762588355,-107.80075762588079,-107.80075762664988,-4.630412408985849,-4.630412408988607,-4.630412408985849,-4.630412409754936
61,0.5,150.0,12.5,-1.980289243139768929699586847673090429030807731082838991011628386101630619023758318286536350694149177797953598201274871826171875E-32,-2.0035659714796603907079849540591626381955217047181362914319329640423397652234676247391675918407827339251525700092315673828125E-32,-2.00356597147594968668858732322955640270914579008768750404756542481705024729515165061825843206833042131620459258556365966796875E-32,-2.003565971479661485472410207822499297359258649965113854136575055070286450433064413638450940169377645361237227916717529296875E-32,-2.00356589059016688599873874246993762113649850291908081391205931661715420832072710884651234319875356959528289735317230224609375E-32,2.327672833989146100839810639E-34,2.327672833618075698900047556E-34,2.327672833989255577282336015E-34,2.327664745039795629915189480E-34,0.011754206321388672094801403,0.011754206319514852887707053,0.011754206321389224925368476,0.011754165474076197449368475,-77.4430241770324,-77.44302417719182,-77.44302417703234,-77.4430276521614,-4.443544117654203,-4.44354411781362,-4.443544117654156,-4.4435475927832195
62,0.5,150.0,125.0,-0.0055919493807484489666936866569812991656363010406494140625,-0.0073588571169262116666853756896671256981790065765380859375,-0.007358857114325841226876168121862065163441002368927001953125,-0.0073588571169263157500939342980927904136478900909423828125,-0.007358857116926349577201715845831131446175277233123779296875,0.001766907736177762699991689033,0.001766907733577392260182481465,0.001766907736177866783400247641,0.001766907736177900610508029189,0.315973485429024515118148830,0.315973484964004132644449910,0.315973485429043128199468368,0.315973485429049177450897217,-6.338524301960988,-6.338524303432695,-6.338524301960929,-6.33852430196091,-1.1520969757857789,-1.1520969772574858,-1.15209697578572,-1.152096975785701
63,0.5,150.0,1250.0,1.5434248925935760698990861783386208117008209228515625,1.5367582259269096933707032803795300424098968505859375,-4.989188185227661445868883626764092746552474197613354779039807888712862674332683995273623630826256200507513928290923321746477203751136135155068748139024251303677870802438641261330566656209298127818044312890303182034837451789362205332275337816612593696636904187881146341972038540389815054825466993841713154764021781021812314677108667365469830185806870286450165405008384115862836434587552516393132590828489655737298373419249952233855372026899366754493720826643559841168978101336292053081503606258744654150101042956906571834707619927939958870410919189453125E-217,-4.9891881852398336067562298094333147887847154866350655750007702292735221266555285464168635925834647395835221733923468114568584634260585923536413313156746880806201778877811882978242288819439495390655038557750693002360004949748435030095444929451444844222862932040964435598548038664136710563025854447320799379114854875587358006124984662821949258670782085194845796756777456153694560111374566543723528445944835423594509513001077335925239697505767207738119075963322623349114604445438233788232601633596988678783678544518577491206912100096815265715122222900390625E-217,-4.9891881634964219406321085123180747562164666094051564501935645777427080803342465395695494697334082807729191720134978053487172756105070881598255780405927832406922523848430211964607945327624665102552544819020573800672535531031893189385319018586951391980264177739899852475264841838975712492833166819779001056448766707741033539718921625993943481978724624646072725421170675730391313450082870853787147872426502067611200806965168016792973470711013021054799318401572323381009744569601078440961392045452826226791676265102416787389216779047274030745029449462890625E-217,0.006666666666666376528382897959,1.543424892593576069899086178,1.543424892593576069899086178,1.543424892593576069899086178,0.0043193981765213652744652421,1.000000000000000000000000000,1.000000000000000000000000000,1.000000000000000000000000000,-5.010635294096299,0.4340039033249209,0.4340039033249209,0.4340039033249209,-5.44463919742122,0.0,0.0,0.0
64,0.5,150.0,12500.0,-5.008492387796773748220857669E+2485,NaN,-0,-0,-0,NaN,5.008492387796773748220857669E+2485,5.008492387796773748220857669E+2485,5.008492387796773748220857669E+2485,NaN,1.000000000000000000000000000,1.000000000000000000000000000,1.000000000000000000000000000,,inf,inf,inf,,0.0,0.0,0.0
65,0.5,1500.0,1.25,0,0,-0,-0,-0,0,0,0,0,,,,,-inf,-inf,-inf,-inf,,,,
66,0.5,1500.0,12.5,0,0,-0,-0,-0,0,0,0,0,,,,,-inf,-inf,-inf,-inf,,,,
67,0.5,1500.0,125.0,-6.2215592792305081722184548700494997369640401514641310282014314262034115078709885175394076172187808972899042480150033516758778844900091616721145861425798312493426618928938823926639346304151399173873875812156815912698254063194405617362533177438411287432237098303531200693547830882416044171595927053651096284020062560054882444927508338312862631872081739811559611384575089292171439730213427432155061602846369069252335920025450935744863562613640228463357649674975866615405292728408436752092972378677660098484775282912444112395790026886778713938614964415971498439709712514483231713563944062343463191960259202365998870599737574816486019320145621982885706516143130291022778553039506381238436604336971030103848307834905895230548367180745117366313934326171875E-301,0,-6.22893239666534678338902411309205584961391416772763449780375000675999952416672582129648434477574799753001359146940606740832525946326723700163435246963254827155942693022940688918664344236521461212415256272464648481567202960842023996041471892124889294771763681634742267013823276053070508610643471957090101028723703791157520267605250770987262184732646297108808309742582023534870536457447503027721533678868832975627369967114067089076763673737037618826675132742697457511480963753530088376768136009314739016558459461943726114772338133571286645766733584288426742367519592352051864989948835845015244185937248677718940124559493279286233148883085590531518029566970217080634660852850822797139784786623358876635038616103624831144003337612957693636417388916015625E-301,-6.22893239666671613379788139038290116344944308217703202627320963439729424014221069231378862847646422325046710272463005661384797221540848611487924598925010212124932929226779128399822707603019228033634847628041417536451575203239425933731637999944070948576218121938980918460400412385259103258715582564164228619722521640838707914126286808810934562862620369072113706696067020716229675463715732277322232795374906441386111213610511427777545318854354994816863735828145385482001443123550951697731248531712278954728435504355134753730514671607959389540190795214412386862950206865764947659328986354790767477120414789597260689928909523621899897383519225694177451545954459384404060888649779900795402335246167365101069965838305464433943825497408397495746612548828125E-301,-6.22893239170439084701372317425802169634265590527028849089922442180990294042454619992884393815566446815281988626490540666378423235746975194625998817837505255910185956274948118387991545341681553388275933073550446237957524010902365045369312293551937924563034676420254416046741920195044907304486894323477375690504039916567490124348157116665655539151022875152096010500543391232143882631137744967974209145278994484924308112464835439804421015462764796802921627498194855284831395034494969580482334935921129385716573908475336667257505186394116828619137724529657392787956604273862413151323343058660992575855678489703092067689499815771675579473711195071979161038122206842204986606415282027101727825199536674015068446626751386130393939311034046113491058349609375E-301,6.221559279230508172218454870E-301,7.373117434838611170569243043E-304,7.373117436207961579426520333E-304,7.373112473882674795268304209E-304,1,0.001185091566908694542966455,0.001185091567128792165989769,0.001185090769527248233114780,-691.2500924278945,-697.9880276636219,-697.9880276634361,-697.9880283364658,0.0,-6.737935235727436,-6.737935235541714,-6.737935908571406
68,0.5,1500.0,1250.0,-7.94821357113790821633786246903918826234303196542896330356597900390625E-8,NaN,-8.28867908895844271165254482126860668955714572803117334842681884765625E-8,-8.2886790905882677745568072429083184005094153690151870250701904296875E-8,-8.288679090588328655049891145745188936189151718281209468841552734375E-8,NaN,3.404655178205344953146823522E-9,3.404655194503595582189447739E-9,3.404655194504204387120286767E-9,NaN,0.042835476773907530310978206,0.042835476978963049808163542,0.042835476978970709453005620,,-19.498122171722542,-19.498122166935495,-19.498122166935318,,-3.150388623152818,-3.1503886183657697,-3.1503886183655907
69,0.5,1500.0,12500.0,1.540742696606633987954637632356025278568267822265625,NaN,-0,-0,-0,NaN,1.540742696606633987954637632,1.540742696606633987954637632,1.540742696606633987954637632,NaN,1,1,1,,0.4322645706942731,0.4322645706942731,0.4322645706942731,,0.0,0.0,0.0
70,0.5,15000.0,1.25,0,0,-0,-0,-0,0,0,0,0,,,,,-inf,-inf,-inf,-inf,,,,
71,0.5,15000.0,12.5,0,0,-0,-0,-0,0,0,0,0,,,,,-inf,-inf,-inf,-inf,,,,
72,0.5,15000.0,125.0,0,0,-0,-0,-0,0,0,0,0,,,,,-inf,-inf,-inf,-inf,,,,
73,0.5,15000.0,1250.0,0,NaN,-0,-0,-0,NaN,0,0,0,,,,,,-inf,-inf,-inf,,,,
74,0.5,15000.0,12500.0,-8.68143619848954021796339719105648356770208066307152270190771266629253196379034057400181064533583249711408839800273850772191597366563009519069282760028727352619171142578125E-53,NaN,-8.7210244279040144686831667218218324263628408748178763360305952328248212162821860220840872060644005381338433939938460102381193936988378057062476500504999421536922454833984375E-53,-8.7210244282724795892801537874376515437744602887967834860228366754265012103169407172465068353284755258074014737618308457872514768342668556311281236048671416938304901123046875E-53,-8.7208327135556697928502094949473308163113322688677152630314956468398962894891823661870275389512712473588025101870314651289357098609168750247278012466267682611942291259765625E-53,NaN,3.958822941447425071976953077E-55,3.958822978293937131675659638E-55,3.939651506612957488681230389E-55,NaN,0.004560101405958855113797755,0.004560101448401731173993339,0.004538018153376980274028881,,-125.26623337059803,-125.26623336129059,-125.27108784537285,,-5.390410417554235,-5.390410408246793,-5.395264892329055
75,0.75,1.5,1.25,-0.16616346990915520365206248243339359760284423828125,-0.16616346990915487058515509488643147051334381103515625,-0.1661634699052132457808284016209654510021209716796875,-0.1661634699091552314076380980623071081936359405517578125,-0.1661634699091549816074575574020855128765106201171875,3.330669073875469621270895004E-16,3.941957871234080812428146601E-12,2.775557561562891351059079170E-17,2.220446049250313080847263336E-16,2.0044532505829E-15,2.37233723717326422E-11,1.67037770882E-16,1.3363021670553E-15,-35.63818828100899,-26.259343594410357,-38.123094930796995,-36.04365338911715,-33.84340506431575,-24.4645603777171,-36.3283117141032,-34.24887017242389
76,0.75,1.5,12.5,-2.4715639357353330361334966570885374181898441747762262821197509765625E-7,-2.471564122908201915822874912553874793275099364109337329864501953125E-7,-2.471564205631927703960405533212263406994679826311767101287841796875E-7,-2.471564321650221071795055192976686697647892287932336330413818359375E-7,-2.47156431790935405859682520712805597895567188970744609832763671875E-7,1.871728688796893782554653374E-14,2.698965946678269088761237260E-14,3.859148880356615585358881493E-14,3.821740210224633285500395186E-14,7.5730538940722248048E-8,1.09200733497322213502E-7,1.56141980571845980547E-7,1.54628417859949046624E-7,-31.609328865563022,-31.243322584974717,-30.885744640069948,-30.895485430615828,-16.396084337238022,-16.03007805664972,-15.672500111744949,-15.682240902290832
77,0.75,1.5,125.0,-4513277309393.7412109375,7.9638300324272006166980629543881617903033909300347659154795110225677490234375E-13,2.60902410786911747556508180950752502851071735860688516339678244548849761486053466796875E-15,2.60902410786911747556508180950752502851071735860688516339678244548849761486053466796875E-15,-2.7380960195755169022036829746442914521125407967748823133161330034145440487978027944271224147276935033957618914483976476081121553291028316123411622029347130057860837226911920633349250241150851792326648137532174587249755859375E-74,4513277309393.741210937500796,4513277309393.741210937500003,4513277309393.741210937500003,4513277309393.741210937500000,1.000000000000000000000000176,1.000000000000000000000000001,1.000000000000000000000000001,1.000000000000000000000000000,29.138044681682388,29.138044681682388,29.138044681682388,29.138044681682388,0.0,0.0,0.0,0.0
78,0.75,1.5,1250.0,6.80752649066060211424655790324322879314422607421875,6.14085982399393515152041800320148468017578125,-0,-0,-0,0.6666666666666669627261399000,6.807526490660602114246557903,6.807526490660602114246557903,6.807526490660602114246557903,0.0979308222423051716252622713,1,1,1,-0.40546510810816394,1.9180288369516107,1.9180288369516107,1.9180288369516107,-2.323493945059775,0.0,0.0,0.0
79,0.75,1.5,12500.0,9.1093918739268300299727343372069299221038818359375,8.44272520726016040271133533678948879241943359375,-0,-0,-0,0.6666666666666696272613990004,9.109391873926830029972734337,9.109391873926830029972734337,9.109391873926830029972734337,0.0731845413934625662764212135,1,1,1,-0.40546510810815994,2.209305955358431,2.209305955358431,2.209305955358431,-2.614771063466591,0.0,0.0,0.0
80,0.75,15.0,1.25,-0.005917310814171648780668277822769596241414546966552734375,-0.005917310814171658321647395695208615506999194622039794921875,-0.005917310814150600513372513233889549155719578266143798828125,-0.00591731081417166786262651356764763477258384227752685546875,-0.00591731081417145969580939635079630534164607524871826171875,9.540979117872439019265584648E-18,2.104826729576458888004708569E-14,1.908195823574487803853116930E-17,1.890848588814719732908997685E-16,1.612384310627E-15,3.5570663696345126E-12,3.224768621254E-15,3.19545254287849E-14,-39.19093556079835,-31.491958151910655,-38.497788380238404,-36.20433577080763,-34.06106237314431,-26.362084964256766,-33.36791519258437,-31.074462583153743
81,0.75,15.0,12.5,-0.0040391270062853923406009926111437380313873291015625,-0.004039127217349677313740219375404194579459726810455322265625,-0.0040391272149229266730241505456433515064418315887451171875,-0.0040391272173527330291431525211010011844336986541748046875,-0.004039127217353835445912135782009499962441623210906982421875,2.110642849731392267642604565E-10,2.086375343324231579344996135E-10,2.110673406885421599099572632E-10,2.110684431053111431708657619E-10,5.2254926533554530910E-8,5.1654115854182543353E-8,5.2255683062229707023E-8,5.2255955996645304195E-8,-22.278858360735246,-22.290422655068646,-22.278843883187402,-22.27883866014396,-16.767131662822766,-16.778695957156167,-16.767117185274927,-16.767111962231482
82,0.75,15.0,125.0,31654354706431398322594906112,-9.366065655640661899291732777598450017454462419863592259616780211217701435089111328125E-15,-3.7747582837255314485794424504969836507714347172137703267935648909769952297210693359375E-15,-3.7747582837255314485794424504969836507714347172137703267935648909769952297210693359375E-15,-1.185477252525529331018921951084779686878424542457560995051230386418567000359094650235448902448957140786477531706072174763043652483146784428857771487297867452070931904017925262451171875E-58,3.165435470643139832259490611E+28,3.165435470643139832259490611E+28,3.165435470643139832259490611E+28,3.165435470643139832259490611E+28,1.000000000000000000000000000,1.000000000000000000000000000,1.000000000000000000000000000,1.000000000000000000000000000,65.62467323942556,65.62467323942556,65.62467323942556,65.62467323942556,0.0,0.0,0.0,0.0
83,0.75,15.0,1250.0,4.180403358056043572332782787270843982696533203125,4.11373669138937625433527500717900693416595458984375,-0,-0,-0,0.06666666666666731799750778009,4.180403358056043572332782787,4.180403358056043572332782787,4.180403358056043572332782787,0.0159474244364946678818976069,1,1,1,-2.7080502011022003,1.4304077390237093,1.4304077390237093,1.4304077390237093,-4.138457940125909,0.0,0.0,0.0
84,0.75,15.0,12500.0,6.47261451716371283282569493167102336883544921875,6.40594785049704551482818715157918632030487060546875,-0,-0,-0,0.06666666666666731799750778009,6.472614517163712832825694932,6.472614517163712832825694932,6.472614517163712832825694932,0.0102998048918075415429715165,1,1,1,-2.7080502011022003,1.8675801253667161,1.8675801253667161,1.8675801253667161,-4.575630326468916,0.0,0.0,0.0
85,0.75,150.0,1.25,-1.39349806213246296559645831474445557016028847420927006504898226779687320231460034847259521484375E-19,-1.426911808161162805287163105183177107109184044150137723495908037563140169368125498294830322265625E-19,-1.426911808160927360351461765600141013805703036785446440569413706356272086850367486476898193359375E-19,-1.42691180816116400899337834720558526709539815972971180980943817218076219432987272739410400390625E-19,-1.4269118081552923300754277618985808543429423625673187724094415074205244309268891811370849609375E-19,3.341374602869983969070479044E-21,3.341374602846439475500345086E-21,3.341374602870104339692003246E-21,3.341374602282936447896944715E-21,0.023978322565850543661253940,0.023978322565681584017821756,0.023978322565851407463111978,0.023978322561637781999603844,-47.147904672807506,-47.147904672814555,-47.14790467280747,-47.147904672983195,-3.7306050832118602,-3.7306050832189066,-3.7306050832118243,-3.730605083387551
86,0.75,150.0,12.5,-7.132096057744390175939648863893439989514178023455315269529819488525390625E-10,-7.4244293931394833080576338128916090430831076218964881263673305511474609375E-10,-7.4244293930370266494352844225128491839615918479466927237808704376220703125E-10,-7.42442939313950502154871332986807441756127445842139422893524169921875E-10,-7.4244293931395453466035752899672243987350128691105055622756481170654296875E-10,2.923333353950931321179849490E-11,2.923333352926364734956355586E-11,2.923333353951148456090644660E-11,2.923333353951551706639264261E-11,0.040988418135179605353827711,0.040988418120814030662626409,0.040988418135182649829239107,0.040988418135188303855003128,-24.255711498165752,-24.25571149851623,-24.255711498165677,-24.25571149816554,-3.194465736691908,-3.194465737042387,-3.1944657366918334,-3.1944657366916958
87,0.75,150.0,125.0,-1148327534834442904742246891784488293435601082582482069164747567304540160,-1.39700300637355962279059185067798780767282795789441252054530195891857147216796875E-13,-3.45834472170697387276551973148519837360052864294601704386877827346324920654296875E-14,-3.45834472170697387276551973148519837360052864294601704386877827346324920654296875E-14,-3.64804620473103219298907515464650255497557930495222677791389287449419498443603515625E-14,1.148327534834442904742246892E+72,1.148327534834442904742246892E+72,1.148327534834442904742246892E+72,1.148327534834442904742246892E+72,1.000000000000000000000000000,1.000000000000000000000000000,1.000000000000000000000000000,1.000000000000000000000000000,165.924433261865,165.924433261865,165.924433261865,165.924433261865,0.0,0.0,0.0,0.0
88,0.75,150.0,1250.0,1.948890000701740010669027469702996313571929931640625,1.942223334035074078229854421806521713733673095703125,-0,-0,-0,0.006666666666665932439173047896,1.948890000701740010669027470,1.948890000701740010669027470,1.948890000701740010669027470,0.0034207506140754249171352293,1,1,1,-5.010635294096366,0.6672599800931543,0.6672599800931543,0.6672599800931543,-5.67789527418952,0.0,0.0,0.0
89,0.75,150.0,12500.0,4.15039263841574523894450976513326168060302734375,NaN,-0,-0,-0,NaN,4.150392638415745238944509765,4.150392638415745238944509765,4.150392638415745238944509765,NaN,1,1,1,,1.4232029414336502,1.4232029414336502,1.4232029414336502,,0.0,0.0,0.0
90,0.75,1500.0,1.25,-5.4449854949247317529227858880959288509316310800148808084205686067520527815666769988953965585037087403846792620070394372510824647436128070683434404972832610069762311194054355919400934038375828801923471040460185439374872230211359023820563773689574644029312283723044430469172643323404740924534408302159058190002300376317327752367996271679385768794833629332637498025845492475589539908245176371073096574981786548495647876304022832969418232433330862994787235908944467155379243195056915283203125E-188,-5.4576465083149501409994442152740926491312025236293377330791008570320408254529435942739894383483914791214180647782961201655999206053473405933048745646543295786566521254581165641022755311632485588622636257156388609288642127835956979280113446704901598906958990192530058319304238456743268034369867214926973790944062941553648864454283665670273278503596361470057933019064061795155712136148861978650949827379252340045215464203940453931067821461989040339631007459075817678240127861499786376953125E-188,-5.457646508314935469288476199654680377376658689444124385240197762843516627809672126119345701190648664557997140186128094746464187114392390059320757465040693221987802311630059957734710949262753376022966248575413183557247049861374620711177970545478370237437081658414728137344215073146362240605736544201921210032879575099210521211484392164486023867150648255389845331696119751205906157180135590640845444186276915158095673496632081700267220048103370051185978528707209989079274237155914306640625E-188,-5.457646508314948227298013604541125831076262023518222948578374366485711582282082098427731559588685894613145770266274203806582216236961912262785207116878637879960715193219674398054332324828401361100616141740826816054305452402436426986685252393314709066357792406969752219593092266648940121328562785324335270086381069930649099675783500340608896896028029030708060957965934036692571423645136118661931999448579801111509476039033789259258143611664703949253041326272750666248612105846405029296875E-188,-5.4576465083148889025536646718191544713731065200736646290558531595495050439853757271937373180378127748567046403935947966770333808170136340166755162358321952203866702938279672505680929284481382304895441385216534249429838805864990278055763918008757335118764874261888902371358133168619529759674207641051098908375991189644597098167926473216375373117482084254783582958112976091795779345828836633638795174788713814281352942168658491099503490411045013232411993175929865174111910164356231689453125E-188,1.266101339021838807665832718E-190,1.266101339020371636569031156E-190,1.266101339021647437522771645E-190,1.266101339015714963087878372E-190,0.002325261178752397467971532,0.002325261178749702931690087,0.002325261178752046006717430,0.002325261178741150707840284,-437.2552253017295,-437.25522530173066,-437.2552253017297,-437.25522530173436,-6.063922911304648,-6.063922911305807,-6.0639229113047985,-6.063922911309485
91,0.75,1500.0,12.5,-3.420261965853612967289670231157242206477913710416313315062142756669868378151474397968274968577614359523607941254160784624039534955969859639272650511145331132149580906686504363770586706255370818539575813333012134273133888127768812063232580259391424959253494777528104322692923266469061079091627747077692229499630362044554774596777858257904302080246147674594163478595494752368913257019294580316769280488309323828843844239600002765655517578125E-167,-3.428614572601804811227251468562509986674108599300509629215179843273119564108042441733033602461342264198246676528553751319581129589009994510701376076612663073233067747913846710504108228816838551662948114860549974072521636977351212089924870054923665362060222546237878122485108326195154958589603037744700869928494323957435403375643645325389587898914388738307510173041656346378284110696367411642927259564361808230614769854582846164703369140625E-167,-3.4286145726014244957485399196626790245592555314839791112457962499994400948928970680000040925163656331961103688364141926139479888643877383805053068519802691096717000132838678291807185258278763698660811645384072923979272945638201752949411289852974089404190248974164191343034248838696638196091315142036416577819288744555659776147203079347042351538084677440693006087519233747258810466723442646492917874889716500774738960899412631988525390625E-167,-3.42861457260180857672704069181894395659603783759572280266042126498870054895175675236405369661921331995074307561461453902953789335856070991793104012834169667683268525023691580833899327538108570197776857971522465408910177898144557879086530313482095502960122450315690246890274875631718952432208295381936482252400487296240440759109833183420825475777682359963660135684650518768177324994413001705870582859481121573708151117898523807525634765625E-167,-3.428614572328867830705108638505207753523971704386930893714064779787246546257436387124936700998885522550253882132841697897498762982774703038624116170032553199997876363502586885830347084552093992342301774562913524284140669002913007803949680011738319187090778010444762124803227532690506231808358248232626517980064467386121452044328614716668456857730874104993779735900182840792910531570781496515441084081687872497923308401368558406829833984375E-167,8.352606748191843937581237405E-170,8.352606747811528458869688505E-170,8.352606748195609437370460662E-170,8.352606475254863415438407348E-170,0.002442095614774711987141109,0.002442095614663517148117534,0.002442095614775812926141342,0.002442095534974689869822240,-389.31689213343253,-389.31689213347806,-389.3168921334321,-389.31689216610937,-6.014898749770734,-6.014898749816267,-6.014898749770284,-6.014898782447597
92,0.75,1500.0,125.0,-1.65451553447442990776285745452885521935785092848615387778270788620150740602315111009161977672591152141113239136115479334514741045772714536292694379812760674023312383575383107274015849486037410542849102057516574859619140625E-74,-1.6615641502875122075342151614824430429598908024904803442655639943424166415016118716301299372820574613171972098031097669389597728308928626221083594931906018072604572641915190389392338772556190207296822336502373218536376953125E-74,-1.6615641502833595071900505086366482675477288121985747499592304599662974798724009555530557434047607353151323499580394518121013964722210036163974290149763388743204470098279890919647379908530293590729343122802674770355224609375E-74,-1.661564150287515742081510175845561271915698392608943286420732993946103521816976246345913336917474112587673716682115406511131299725845392103009758998988211828671130622645204661175168288356207568767786142416298389434814453125E-74,-1.66156345181268931301215487315419677493100009429042064753361237992291543580560226639776693117814289213887504255200821237034560787524226908113062414834835086474557068813847472929872924919669774368458092794753611087799072265625E-74,7.048615813082299771357706954E-77,7.048615808929599427193054108E-77,7.048615813085834318652721317E-77,7.047917338259405249297418625E-77,0.004260229454612735902035464,0.004260229452102816679376856,0.004260229454614872205516070,0.004259807291865792339384577,-175.34622090156418,-175.3462209021533,-175.34622090156367,-175.3463200003732,-5.458432257566246,-5.458432258155397,-5.458432257565744,-5.458531356375289
93,0.75,1500.0,1250.0,-2.873993551518315925363822316E+916,NaN,-3.29736238313671429396946187742029199874214777377101626143485191278159618377685546875E-14,-3.29736238313671429396946187742029199874214777377101626143485191278159618377685546875E-14,-4.765870469122874980257298158522110428851248399876805931666281963582110189184896239903687609140582110351413310502653438073324829733349651662363687128535361017171350098459342081668548022252036184040985914424669075938750782458465450428354341137172150711524577616000053714476436108739656506705362204456832841970026493072509765625E-120,NaN,2.873993551518315925363822316E+916,2.873993551518315925363822316E+916,2.873993551518315925363822316E+916,NaN,1.000000000000000000000000000,1.000000000000000000000000000,1.000000000000000000000000000,,inf,inf,inf,,0.0,0.0,0.0
94,0.75,1500.0,12500.0,1.9462078047147970405461592235951684415340423583984375,NaN,-0,-0,-0,NaN,1.946207804714797040546159224,1.946207804714797040546159224,1.946207804714797040546159224,NaN,1,1,1,,0.6658827636303676,0.6658827636303676,0.6658827636303676,,0.0,0.0,0.0
95,0.75,15000.0,1.25,0,0,-0,-0,-0,0,0,0,0,,,,,-inf,-inf,-inf,-inf,,,,
96,0.75,15000.0,12.5,0,0,-0,-0,-0,0,0,0,0,,,,,-inf,-inf,-inf,-inf,,,,
97,0.75,15000.0,125.0,0,0,-0,-0,-0,0,0,0,0,,,,,-inf,-inf,-inf,-inf,,,,
98,0.75,15000.0,1250.0,0,NaN,-0,-0,-0,NaN,0,0,0,,,,,,-inf,-inf,-inf,,,,
99,0.75,15000.0,12500.0,0.3184688828938622151554227457381784915924072265625,NaN,NaN,NaN,-0,NaN,NaN,NaN,0.3184688828938622151554227457,NaN,NaN,NaN,1,,,,-1.1442305076631392,,,,0.0
100,0.999,1.5,1.25,-0.00022264492614310069161336069765155798449995927512645721435546875,-0.00022264492542339552592391138663430183441960252821445465087890625,-0.0002226449261423560886663519653438925161026418209075927734375,-0.00022264492614285474035053236097070339383208192884922027587890625,-0.0002226449261428548758758039216587576447636820375919342041015625,7.197051656894493110172561501E-13,7.446029470087323076654683973E-16,2.459512628283366808545906679E-16,2.458157375567759928003397363E-16,3.2325244422002809428E-9,3.3443517438621227E-12,1.1046793973209895E-12,1.1040706914595607E-12,-27.959934758863355,-34.83368055462061,-35.941398276172535,-35.941949452948876,-19.550002443918924,-26.423748239676172,-27.531465961228104,-27.532017138004445
101,0.999,1.5,12.5,-8.88178419700125035123679029219704897067858679303442581698391222744248807430267333984375E-16,2.49124086045332781938067562353165767217999526650373809388838708400726318359375E-11,-3.3309857725027253079246929046051655035992713817243396968598863937109819961177840946020929784889517966117722380658960901200771331787109375E-37,-3.33098577250310993547125460963486791517524739966346294628591401087517308118501530196902253271712922300107351247788756154477596282958984375E-37,-3.330985772503110353090740561540437624634070392082506511160426527289032137737748452031310186956247765266425631125457584857940673828125E-37,2.491329678295297831884187991E-11,8.881784197001250351233459306E-16,8.881784197001250351233459306E-16,8.881784197001250351233459306E-16,28049.87852706940870836727677,0.9999999999999999999996249643,0.9999999999999999999996249643,0.9999999999999999999996249643,-24.41561944764156,-34.657359027997266,-34.657359027997266,-34.657359027997266,10.241739580355704,0.0,0.0,0.0
102,0.999,1.5,125.0,4.79879405711698137082521498086862266063690185546875,4.13212739045031440809907508082687854766845703125,-0,-0,-0,0.6666666666666669627261399000,4.798794057116981370825214981,4.798794057116981370825214981,4.798794057116981370825214981,0.1389237918384826129904989567,1,1,1,-0.40546510810816394,1.5683646482476377,1.5683646482476377,1.5683646482476377,-1.9738297563558016,0.0,0.0,0.0
103,0.999,1.5,1250.0,7.0942080627787991176091964007355272769927978515625,6.42754139611213215488305650069378316402435302734375,-0,-0,-0,0.6666666666666669627261399000,7.094208062778799117609196401,7.094208062778799117609196401,7.094208062778799117609196401,0.0939733738800908292375885574,1,1,1,-0.40546510810816394,1.959278685323474,1.959278685323474,1.959278685323474,-2.364743793431638,0.0,0.0,0.0
104,0.999,1.5,12500.0,9.39607344604502969787063193507492542266845703125,8.72940677937835829425239353440701961517333984375,-0,-0,-0,0.6666666666666714036182384007,9.396073446045029697870631935,9.396073446045029697870631935,9.396073446045029697870631935,0.0709516236218101262214332737,1,1,1,-0.4054651081081573,2.240291883501432,2.240291883501432,2.240291883501432,-2.645756991609589,0.0,0.0,0.0
105,0.999,15.0,1.25,-0.00038136097759348952518365649666520766913890838623046875,-0.0003813609775247879703219400226998914149589836597442626953125,-0.0003813609769631499946118680099971243180334568023681640625,-0.0003813609775940940221049257896623885244480334222316741943359375,-0.00038136097759409472683633790524027062929235398769378662109375,6.870155486171647396531625418E-14,6.303395305717884866680833511E-13,6.044969212692929971808553091E-16,6.052016526814085750629601534E-16,1.801483604726560920E-10,1.6528684569392331166E-9,1.585104289075047E-12,1.586952226996128E-12,-30.30900456330798,-28.09251778328418,-35.042135096871135,-35.04096996118029,-22.437240379677018,-20.22075359965322,-27.170370913240177,-27.169205777549326
106,0.999,15.0,12.5,-4.44089209850062616169452667236328125E-16,4.830066408047840288563670750079825813409761803285391579265706241130828857421875E-12,-2.709833650069554138546231145201723837336007166633012587618464240773011730565984441811144822764845230267383158206939697265625E-31,-2.709833650078045131428499333640852311279754502190988924822522253527502216198679144652794459346978328539989888668060302734375E-31,-2.709833650078057392790062175790222893913608288957137627114513673040505090546163180324767960627241336624138057231903076171875E-31,4.830510497257690351179840203E-12,4.440892098500623451860876603E-16,4.440892098500623451860876594E-16,4.440892098500623451860876594E-16,10877.34263772950180282350630,0.9999999999999993897997091655,0.9999999999999993897997091636,0.9999999999999993897997091636,-26.056068960835166,-35.35050620855721,-35.35050620855721,-35.35050620855721,9.294437247722046,-5.551115123125785e-16,-5.551115123125785e-16,-5.551115123125785e-16
107,0.999,15.0,125.0,-32323415187585888035062163319776346112,2.1960529136978426123505414579994976520538330078125,-0,-0,-0,3.232341518758588803506216332E+37,3.232341518758588803506216332E+37,3.232341518758588803506216332E+37,3.232341518758588803506216332E+37,1.000000000000000000000000000,1,1,1,86.36885524378881,86.36885524378881,86.36885524378881,86.36885524378881,0.0,0.0,0.0,0.0
108,0.999,15.0,1250.0,4.46708493017424057569542128476314246654510498046875,4.4004182635075732576979135046713054180145263671875,-0,-0,-0,0.06666666666666731799750778009,4.467084930174240575695421285,4.467084930174240575695421285,4.467084930174240575695421285,0.0149239756370754643097504998,1,1,1,-2.7080502011022003,1.4967360549884885,1.4967360549884885,1.4967360549884885,-4.204786256090689,0.0,0.0,0.0
109,0.999,15.0,12500.0,6.75929608928191072436675312928855419158935546875,6.69262942261524340636924534919671714305877685546875,-0,-0,-0,0.06666666666666731799750778009,6.759296089281910724366753129,6.759296089281910724366753129,6.759296089281910724366753129,0.0098629599570847922078067330,1,1,1,-2.7080502011022003,1.9109187558286413,1.9109187558286413,1.9109187558286413,-4.618968956930842,0.0,0.0,0.0
110,0.999,150.0,1.25,0.006769236998828274953776684697004384361207485198974609375,-0.00059133426100059917167317546926597060519270598888397216796875,-0.00059132797283907687253823315387535330955870449542999267578125,-0.00059133426099383071435078296218534887884743511676788330078125,-0.00059133426099386280673508853311659549945034086704254150390625,0.007360571259828874125449860166,0.007360564971667351826314917851,0.007360571259822105668127467659,0.007360571259822137760511773230,1.087356117255601557783009305,1.087355188323504278933421539,1.087356117254601672962376773,1.087356117254606413878422573,-4.911617732428807,-4.911618586732636,-4.911617732429726,-4.911617732429722,0.0837491692556344,0.08374831495180557,0.08374916925471465,0.08374916925471915
111,0.999,150.0,12.5,0.07929916547701508500178846361450268886983394622802734375,5.030212644983688390660821206839283341102496589780646019107734900899231433868408203125E-15,-3.2398543875726950554461868878979743508076153568705353336001744046779293739746208302676677703857421875E-21,-3.239854401910723264629257902340203489310486166339526675934934463185754793812520802021026611328125E-21,-3.2398544019107371824823716382242978391510868777283520489351266447020094574327231384813785552978515625E-21,0.07929916547701005478914347993,0.07929916547701508500502831800,0.07929916547701508500502831802,0.07929916547701508500502831802,0.9999999999999365666383154852,1.000000000000000000040856097,1.000000000000000000040856097,1.000000000000000000040856097,-2.534527674015749,-2.534527674015686,-2.534527674015686,-2.534527674015686,-6.339373470609845e-14,0.0,0.0,0.0
112,0.999,150.0,125.0,0.60665305651220791105515672825276851654052734375,0.599986389845542422705193530418910086154937744140625,-2.6804250723545108057258850665610823299869101380240550327991648686738427133555793390255480023310084116257397383114769772177356105628481081540799204944992699766754460604553961332459912897956966717869911963266988863616393742524620585152471215769513735835001156900386047200696784592265055462250671377586072709184100024669753435263600143699209934176384459579408624596814044804006197274332387653947859770037479894075352813240910975675632142076511424960236606652521163051715843119006381939220567907453712113031564468331806399589818591855618407380190429014521685181222244899854881547767257318023458507244738538775354518618409896196703252043008374528752653667542823189032735455640242260628270414222950527964595135443914841744117438793182373046875E-295,-2.6804250723559275519717314486917218140998991296743196117242248690190778397968004887242771768072750059808922355628517544692049810206365450555187221116779556408114482798610379957965604944045567360605581538762290551706341071747615740041763461240236988956432463152821003467777359029907755834488315697600302580428679780943488341967635269096734267877300051513263450230162283277325723308502959388113462879188015012683297347980414405385253366490928736176910302028450366067876549290115060192704636502026678349488987525341223101572679399490230860111984894480526522151850469042243493610612207435609993492125995059959019327347166896363013254298166536760086966541603820210727965657302398520167868011527035113604477967186312525882385671138763427734375E-295,-2.680425072355805433660356346428313932187092409841888830534672151197908799756928358949632116062541597080954244235355953117161148781790363837940714978418075066694203916777300154269962351307903460581762965204014951662864929275630848896081526462144151836529068491449762226806888006764468871651323040498557908539195373446713266442658193466829735445093278730056001280593809462364388686199929967728507807131338299785850212888170260668942405236195595567019701724297916789378416940235998700582456801273986745610109308392415374781280704153154187262191304024864082914916748407782288011685164578437017253177273337822508993739232618561248162526942437615057624816196850114229349949574808382417687815728088549134533469242569481139071285724639892578125E-295,0.006666666666665488349963197834,0.6066530565122079110551567283,0.6066530565122079110551567283,0.6066530565122079110551567283,0.0109892575255348317387555384,1.000000000000000000000000000,1.000000000000000000000000000,1.000000000000000000000000000,-5.010635294096432,-0.49979822215159525,-0.49979822215159525,-0.49979822215159525,-4.510837071944837,0.0,0.0,0.0
113,0.999,150.0,1250.0,2.235571572819937014031665967195294797420501708984375,2.228904906153271969770912619424052536487579345703125,-0,-0,-0,0.006666666666665044260753347771,2.235571572819937014031665967,2.235571572819937014031665967,2.235571572819937014031665967,0.0029820859898731623246062113,1,1,1,-5.010635294096499,0.804496932649942,0.804496932649942,0.804496932649942,-5.815132226746441,0.0,0.0,0.0
114,0.999,150.0,12500.0,4.43707421053394224230714826262556016445159912109375,NaN,-0,-0,-0,NaN,4.437074210533942242307148263,4.437074210533942242307148263,4.437074210533942242307148263,NaN,1,1,1,,1.4899951976420618,1.4899951976420618,1.4899951976420618,,0.0,0.0,0.0
115,0.999,1500.0,1.25,-0.0000511093219935682303856072650205533136613667011260986328125,-0.0002723706860000380479934489752480430979630909860134124755859375,-0.000263304589577352987812830509284367508371360599994659423828125,-0.0002723706855671155784189008119966501908493228256702423095703125,-0.0002723706860003846674279925910155952806235291063785552978515625,0.0002212613640064698176078417102,0.0002121952675837847574272232443,0.0002212613635735473480332935470,0.0002212613640068164370423853260,4.329178227688367585623193085,4.151791870971955492350758050,4.329178219217848848766762309,4.329178227695149507609699490,-8.416165912654149,-8.458003633711755,-8.41616591461076,-8.416165912652582,1.4653777382495397,1.4235400171919343,1.4653777362929283,1.4653777382511062
116,0.999,1500.0,12.5,0.00730105773324572597526849193627640488557517528533935546875,-1.802914367919826884332205537236318466931539461484135244973003864288330078125E-10,-1.804493715878112806810154400852870722193888042284015682525932788848876953125E-10,-1.804559152620633456184215848323859621160636379499919712543487548828125E-10,-1.804559152622855728598627841736631340074925589078702614642679691314697265625E-10,0.007301057913537162767251180369,0.007301057913695097563079772617,0.007301057913701641237331837555,0.007301057913701641237554064796,1.000000024693879076043564401,1.000000024715510845247282429,1.000000024716407109116319924,1.000000024716407109146757601,-4.919736021665006,-4.9197360216433745,-4.919736021642478,-4.919736021642478,2.4693878858812525e-08,2.471551044368992e-08,2.4716406837737847e-08,2.4716406837737847e-08
117,0.999,1500.0,125.0,0.07906785384444514619417532230727374553680419921875,0.078401187177778719483711711291107349097728729248046875,-1.48858761742044957750880726077382446656991362427561661446203152595707680368262945830834832853625495571366433020968922789841505022529793501987920931496498371919515307611109254256126539560538681106542627200718054597989074672938668147302016192871207774874480304854842864950931488058638827884740367990898092674280786474015338015070907265354184753396006510860902746535216719226922613284480838784699288674284278249843546630701507481177745473237042351209724611038609509705565869808197021484375E-187,-1.488587618646109767645959464904459023944273656154222714220998707116445674482531728814590607797221141634835321635166178169056331402136288741072238435050962924819479586947828026942068994828122502979791688251696629831034690181366916579016264107086284725377517224914306927626451866153028417463192636470592298223926111767985044381029677633296529559888316621039693018732799896233242288140435299709404818444373922928967782483124028011545476770819424069090819440219775060540996491909027099609375E-187,-1.48858761864608501710745689942475484376704318805047150134493609605058746280605638253632204250502891532784697927968272659242735490435141566635120611048535028835202859666397601272200352623076541192915089551079418278674138925170701240453213732228378739727133837271756020806363011075802732886090972869310902172013321179499420216028940777161815588386619791692235470376936018238911167119833427534849690123550632417934500555086471534710308505751043630684071761294262614683248102664947509765625E-187,0.0006666666666664267104636110162,0.07906785384444514619417532231,0.07906785384444514619417532231,0.07906785384444514619417532231,0.0084315766047981949348923246,1.000000000000000000000000000,1.000000000000000000000000000,1.000000000000000000000000000,-7.313220387090661,-2.537448885743381,-2.537448885743381,-2.537448885743381,-4.775771501347281,0.0,0.0,0.0
118,0.999,1500.0,1250.0,0.605286844405998891716080834157764911651611328125,NaN,-0,-0,-0,NaN,0.6052868444059988917160808342,0.6052868444059988917160808342,0.6052868444059988917160808342,NaN,1,1,1,,-0.5020528103269621,-0.5020528103269621,-0.5020528103269621,,0.0,0.0,0.0
119,0.999,1500.0,12500.0,2.2328893768329951541318223462440073490142822265625,NaN,-0,-0,-0,NaN,2.232889376832995154131822346,2.232889376832995154131822346,2.232889376832995154131822346,NaN,1,1,1,,0.8032964314754683,0.8032964314754683,0.8032964314754683,,0.0,0.0,0.0
120,0.999,15000.0,1.25,-6.1422760376990657589152725580328162635623812093399465084075927734375E-10,-6.5954322570608909834294579968669465508401827946727280505001544952392578125E-10,0.000917167080444157285616657571125642789411358535289764404296875,-6.595377601373803571641661226275694940301974611429614014923572540283203125E-10,-6.59543225706144829636716559926289116244646493214531801640987396240234375E-10,4.531562193618252245141854388E-11,0.0009171676946717610555232334627,4.531015636747378127263886682E-11,4.531562193623825374518930412E-11,0.073776596261795541354998155,1493204.943969495864560452017,0.073767697982598716761766836,0.073776596261886275300246955,-23.81736928778505,-6.994220229284467,-23.817489906196666,-23.817369287783816,-2.606713721494012,14.216435337006567,-2.6068343399056313,-2.606713721492782
121,0.999,15000.0,12.5,-0.000037399310041492180196887051835119564202614128589630126953125,-0.00007469308632255863681682905852454723572009243071079254150390625,-0.000059978104618593235304070676594534461401053704321384429931640625,-0.000074693086198108775051150709511915692928596399724483489990234375,-0.000074693086323179979529353345046871481827110983431339263916015625,0.00003729377628106645661994200669,0.00002257879457710105510718362476,0.00003729377615661659485426365768,0.00003729377628168779933246629321,0.997178189642839921027304596,0.603722222470182039817999274,0.997178186315242122361792812,0.997178189659453669030541712,-10.196684100971956,-10.698499385207132,-10.19668410430897,-10.196684100955293,-0.0028257991695546025,-0.5046410834047318,-0.0028258025065687822,-0.0028257991528937675
122,0.999,15000.0,125.0,0.00729857796930133417845354415476322174072265625,0.00723191092067584744007557873146652127616107463836669921875,-2.3012781175009738888685601467502847715930677126049418822549234661875120288681228799510898095250756804357852669572739993372016822141654071297373466930900592347056365140152878363821731255711711128242313861846923828125E-71,-2.301280502747510856543705941190040567720281662928778501000101753698835269234926901154080654844772400430919912923432459402810490357428447172037901885545272538385359108787885898568525977481158406590111553668975830078125E-71,-2.301280492011606299692134016754305450106137474573077069693187507084963981974837866333286212213018577444349565562671738970718826092495830599120103607725002069223590363037819091045210750934302268433384597301483154296875E-71,0.00006666704862548673837796542330,0.007298577969301334178453544155,0.007298577969301334178453544155,0.007298577969301334178453544155,0.0091342517550536666918175226,1.000000000000000000000000000,1.000000000000000000000000000,1.000000000000000000000000000,-9.615799750718459,-4.9200757485293725,-4.9200757485293725,-4.9200757485293725,-4.6957240021890865,0.0,0.0,0.0
123,0.999,15000.0,1250.0,0.079044771497304822105434141121804714202880859375,NaN,-0,-0,-0,NaN,0.07904477149730482210543414112,0.07904477149730482210543414112,0.07904477149730482210543414112,NaN,1,1,1,,-2.53774085923069,-2.53774085923069,-2.53774085923069,,0.0,0.0,0.0
124,0.999,15000.0,12500.0,0.6051504550120601066964809433557093143463134765625,NaN,-0,-0,-0,NaN,0.6051504550120601066964809434,0.6051504550120601066964809434,0.6051504550120601066964809434,NaN,1,1,1,,-0.5022781658981785,-0.5022781658981785,-0.5022781658981785,,0.0,0.0,0.0
